title;genre;comment;status;ratings
Астрал Six Seveeeen;Битва экстрастрасенсов;Разетка(тупой мЭм с шесть и семь);Запланировано;
Дьявол носит Прада 2;Драма;Потом посмотреть как выйдет;Запланировано;
Зловещие мертвецы: Пекло;Жахiття;Рузетка хочет посмотреть как Котя будет писить в штанишки от каждого скримера;Запланировано;
Убойный футбол 2;Боевик(экшен), Комедия;СОНЯ УМОЛЯЕТ;Запланировано;
Хоккум;Хоррор;ждем выход;Запланировано;
Бегущий в лабиринте;бегущий;;НЕ ОХОТА;
Дьявол носит Прада 1;Драма;Котя не смотрел;НЕ ОХОТА;
2 ствола;Боевик;Йоу йоу йоу Розеткич;Не просмотрено;
28 месяцев спустя;ужасы;;Не просмотрено;
Астерикс и Обеликс 5: Поднебесная;Комедия;Нуууууу если только выпадет в колесеееее.....;Не просмотрено;
Банды Нью-Йорка;Драма, Комедия, Детектив, Мелодрама;1;Не просмотрено;
Бойцовский клуб;ача ача ча;ача ача ча;Не просмотрено;
Большая мышь;Драма, Ужасы (Хоррор), Детектив, Мелодрама;1;Не просмотрено;
Бриллиантовый полицейский;Комедия;1;Не просмотрено;
Везунчики;Комедия;1;Не просмотрено;
Великая красота;Драма, Комедия, Детектив, Мелодрама;1;Не просмотрено;
Властелин колец 1;Фантастика (научная, фэнтези), Приключения, Жахiття(потрiбно)(Хто вибере по приколу той підр)(????????????????????????????????????????????????);Котя (НЕ СМОТРЕЛ НЕ СПОЙЛЕРИТЬ);Не просмотрено;
Время ведьм;ээ ведьмы и рыцари;ээ ведьмы и рыцари и дазу;Не просмотрено;
Гадкий я 2;Комедия, Фантастика (научная, фэнтези), Приключения;пакарапапой, нононо папой;Не просмотрено;
Далласский клуб покупателей;Драма/Драма;Вова Колобашкин пиздатый, фильм;Не просмотрено;
Дом странных детей мисс Перегрин;Фантастика (научная, фэнтези), Приключения, Жахiття(потрiбно)(Хто вибере по приколу той підр)(????????????????????????????????????????????????);Игорь;Не просмотрено;
Друзья по отпуску;комедия;Розетка;Не просмотрено;
Дюна 2;фантастика, боевик, класс вау;червяк ползет ползёт 2;Не просмотрено;
Евротур 2004;Комедия;Пубертат не пощадил, Розетка;Не просмотрено;
Жертва обстоятельства;Драма, Комедия;1;Не просмотрено;
Заплати другому;Драма, Мелодрама;1;Не просмотрено;
Затерянный город;Комедия;дазу;Не просмотрено;
Исходный код;Детектив;1;Не просмотрено;
Казнить нельзя помиловать;детектив;хз мб прикольно мб нет посоветовали (котя);Не просмотрено;
Конец света;Фантастика райан гослинг;батончик;Не просмотрено;
Король 2019;ээ рыцари 2 и роберт патисон и тимати шаламе;ээ рыцари 2 и роберт патисон и тимати шаламе и дазу;Не просмотрено;
Лобстер;Драма, Комедия, Фантастика (научная, фэнтези), Мелодрама;1;Не просмотрено;
Лолита (повесть о Дазу);Драма, Мелодрама;Холхорс;Не просмотрено;
Матрица 2;Боевик(экшен), Фантастика (научная, фэнтези);ГАЗ ВТОРУЮ;Не просмотрено;
Миньоны 2;Комедия, Приключения;котйа;Не просмотрено;
Муви 43;Комедия;Сборник скетчей, там Хью Джекман снимался;Не просмотрено;
Невероятная жизнь Уолтера Митти;Приключения;1;Не просмотрено;
Одиссея;Драма, Боевик(экшен), Приключения;Надо посмотреть на трансформера и черную богиню;Не просмотрено;
Очень страшное кино (новая);комедия(ужасыыыы);ждем выход;Не просмотрено;
Патруль;Драма, криминал;Батончик;Не просмотрено;
Первородный страх;Ужасы (Хоррор), Детектив;1;Не просмотрено;
Плетённый муж;Ужасы (Хоррор), Жахiття(потрiбно)(Хто вибере по приколу той підр)(????????????????????????????????????????????????);1;Не просмотрено;
Побочный эффект;Детектив;1;Не просмотрено;
Поездка в Америку;комедия;;Не просмотрено;
Полуночная месса;Фантастика (научная, фэнтези), Ужасы (Хоррор);1;Не просмотрено;
Последний подарок 2006;мб драма;дазу;Не просмотрено;
Приглашение 2026;Комедия;1;Не просмотрено;
Проект X;комедия;ТУСНЯК ВПИСНЯК;Не просмотрено;
Прошлое;Жахiття(потрiбно)(Хто вибере по приколу той підр)(????????????????????????????????????????????????);1;Не просмотрено;
Реквием по мечте;Драма, Триллер, Мелодрама;Я(СТЕЙП ВИТЕК ДОБАВИЛ);Не просмотрено;
Рокки Бальбоа;Боевик;Боевик;Не просмотрено;
Скрытые фигуры;Драма, Фантастика (научная, фэнтези), Детектив;1;Не просмотрено;
Следствие ведут овечки;Драма, Комедия;1;Не просмотрено;
Смешанные;Драма, Комедия;1;Не просмотрено;
Счастливчик Гилмор 2;комедия;;Не просмотрено;
Тёмные времена;Драма, Триллер, Детектив, Мелодрама, Жахiття(потрiбно)(Хто вибере по приколу той підр)(????????????????????????????????????????????????);1;Не просмотрено;
Умница Уилл Хантинг;Драма, Мелодрама;1;Не просмотрено;
Фантастические твари 2;Фантастика (научная, фэнтези), Приключения, Жахiття(потрiбно)(Хто вибере по приколу той підр)(????????????????????????????????????????????????);Вторая часть надо смотреть(позвать батончика[лучше поздно чем никогда]);Не просмотрено;
Шоколад 2016;Драма, Комедия;1;Не просмотрено;
Эффект бабочки 1;Фантастика (научная, фэнтези);Холхорс;Не просмотрено;
Окулус;Триллер, Ужасы (Хоррор), Жахiття(потрiбно)(Хто вибере по приколу той підр)(????????????????????????????????????????????????);Соня рекомендует;Не просмотрено;
Ананасовый экспресс: Сижу, курю;камедия;Розетка;Просмотрено;9
1000 слов;комедия;мужика заколдовал колдун...;Просмотрено;8
5 элемент;фантастика;дазу вентилятор;Просмотрено;10
Артур и минипуты 1;МУЛЬТФИЛЬМ;ПОХУЙ ДЕВЯТЬ ХАЙП ФИЛЬМ ДЕТСТВА;Просмотрено;9
Артур и минипуты 2;фантастика;детиживи (2 Часть просмотрена нужна третья) (Оценка второй 5,5 из 10 - Котфя);Просмотрено;5
Артур и минипуты 3;Комедия, приключения;РИКОЛЬНО;Просмотрено;8
Астерикс и Обеликс 1;фентези, комедия;кот_йа добавил олд темка кто шарит стс смотрим;Просмотрено;7
Астерикс и Обеликс 2;Комедия;1 Часть просмотрена (кот_йа);Просмотрено;9
Астерикс и Обеликс 3;Комедия;НУ НАДО НАДО НЕКСТ;Просмотрено;10
Астерикс и Обеликс 4;Комедия;ДАВИМ;Просмотрено;9
Бэтмен Нолана;фантастика;ОБЯЗАТЕЛЬНО БАТОНЧИК ДОЛЖНА БЫТЬ;Просмотрено;5
Великий уравнитель;боевик триллер;частей жопой жуй хз я (Котя) не смотрел;Просмотрено;7
Видос Коти по маину;ЛЕГЕНДАРНЫЙ;СМОТРЕТЬ ОБЯЗАТЕЛЬНО;Просмотрено;
Гадкий я 1;Комедия, Приключения;ластовая (дазу);Просмотрено;9
Главы государств;комедия;Охуенно снято, особенно придурки. Беларусь мама - легенда;Просмотрено;8
Гладиатор;Драма, Боевик(экшен);Без крутилки смотрели забыли оценить;Просмотрено;
Гонка 2013;прикольное;;Просмотрено;9
Грабитель с крыши;комедия;;Просмотрено;7
Дедушка лёгкого поведения;CUMедия;ЧТО ЭТО ЗА РОЗОВАЯ ВАГИНА НА КОЛЕСАХ?!?!?!?;Просмотрено;
Дикий, дикий Вест;Боевик(экшен), Комедия;лол чел посмотрели уже;Просмотрено;6
Дневник баскетболиста;наркоши;дневник торчка витька;Просмотрено;8
Дожить до рассвета;Ужасы;Смотреть только в фулл компании;Просмотрено;7
Донни Дарко;фантастика;mailov0;Просмотрено;5
Дюна;боевик фантастика вау класс;червяк ползёт ползёт;Просмотрено;8
Знакомство с родителями;комедия, мелодрама;АНЛАК;Просмотрено;9
Знакомство с Факерами;Комедия, драма;вторая часть типо первая там знакомство с родителями была (котя) (там типо 40 минут посмотрели);Просмотрено;7
Игра Эндера;фантастика боевик;асаламалейкум;Просмотрено;8
Команда «А»;Боевик, комедия;СМОТРЕТЬ ТОЛЬКО В 4 ОБЯЗАТЕЛЬНОЕ УСЛОВИЕ -- НЕ СОБЛЮДАЕТСЯ -- ПЕРЕКРУТ (КОТ_ЙА);Просмотрено;7
Копы в глубоком запасе;Комедия;Разетка добавляет все комедии про копов;Просмотрено;9
Мастер лжи 2017;чото крутое;дазу;Просмотрено;4
Матрица 1;фантастика;;Просмотрено;10
Миньоны 1 (2015);Боевик(экшен), Фантастика (научная, фэнтези), Приключения;Минеты(дазу);Просмотрено;8
М3ГАН;хорор;;Просмотрено;6
Не смотрим Уволить Жору;АНТИКОМЕДИЯ;РОЗЕТКА;Просмотрено;
Несносные боссы;комедия;;Просмотрено;9
Ночной дозор | Дневной дозор;боевик;АХУЕТЬ МОСКОВ НЕВЕР СЛИМ (духанина 2 часть скип);Просмотрено;4
Няньки (1994);Комедия;котйа;Просмотрено;10
Одинокие волки;боевик комедия;(я)дазу - джордж куни;Просмотрено;9
Подводная братва;МУЛЬТФИЛЬМ;КОТЙА;Просмотрено;10
Призрачный гонщик 1;Боевик;3 части есть;Просмотрено;6
Проект «Конец света»;фантастика;Velen добавил искать пиратку(пока не вышла) (заранее поставил хули думать (котя));Просмотрено;
Прочь;хорор;;Просмотрено;8
Пять ночей с Мишк Феде 1;хз то ли комедия то ли хоррор;хз не смотрел мишк феде крутой *Котя;Просмотрено;6
Пять ночей с Мишк Феде 2;хоррор очень страшно;ээ мишко фэдэ;Просмотрено;7
Разборки в стиле кунг-фу (2004);комедия;СИСЬКИ 3 РАЗМЕРА НАДУТЬ | Соне понравилось ждёт 2 часть;Просмотрено;6
Робин Гуд 2010;эээ рыцари;ээ рыцари и дазу;Просмотрено;6
Свадебный угар;КОМЕДИЯ;АЙ ЙОУ АЙ ЙОУ;Просмотрено;9
Связь;наверное хоррор;дазу;Просмотрено;6
Собиратель душ;хорор;;Просмотрено;6
Тачки 1-3;Комедия, Фантастика (научная, фэнтези), Приключения;Розетка кчау;Просмотрено;8
Тёмные воды 2019;история, драма, детектив, биография;VaiChest (гг прикольный (кот_йа));Просмотрено;8
Токсичный мститель;Уааахаха карлик;Камедия/рузетка;Просмотрено;
Тупой и ещё тупее;Комедия;Котя (я) не смотрел, но как будто база;Просмотрено;8
Тупой и ещё тупее 2;Комедия;вторая часть обязана быть;Просмотрено;5
Убойный футбол;Боевик(экшен), Комедия;Соне очень понравилось;Просмотрено;
Уволить Жопу;Комедия;бля ну надо...;Просмотрено;6
Фантастические твари;фантастика;Нутипо гарик потный(батончик);Просмотрено;8
Форд против Мустанга;Гонки;;Просмотрено;8
Фэкхем-холл;комедия;Супер ржачная херня;Просмотрено;
Хэнкок;фантастика;;Просмотрено;9
Час пик;Боевик, комедия;Батончик;Просмотрено;8
Час пик 2;боевик комедия;блаблаблаблэблэблэблублублу;Просмотрено;9
Частная жизнь;Детектив;ХУДШЕЕ ДЕРЬМО В МИРЕ КАК БУДТО ПОД НАРКОТОЙ ДЕЛАЛИ;Просмотрено;
Чёрная молния;фантастика;Олдовый надо вспомнить;Просмотрено;10
Шары вверх;Комедия;Дазу;Просмотрено;6
F1;прикольное;ПАМ ПАМ ПАМ ПАААААМ МАКС ФОРСТАПЕЕЕЕН;Просмотрено;
Суперкопы;комедия;;Просмотрено;8
Суперперцы;комедия;Я мактрааахер (котя)(нет)(пидора ответ)(тегнуть terafybo);Просмотрено;
Бабушка лёгкого поведения;Комедия;Котя (это такой топчик жалею всех кто не смотрел);Просмотрено;
Бабушка легкого поведения 2;Драма, Боевик(экшен), Комедия, Фантастика (научная, фэнтези), Триллер, Ужасы (Хоррор), Детектив, Мелодрама, Приключения;Бля ну хайп;Просмотрено;10
